ovoNumber;(operationele einddatum ook invullen als) formele einddatum;Naam (algemeen);id;;;;;
OVO038061;30/04/2012;ADA;a6a0935f-c63d-a019-93cf-5eee5b6b4d9a;;;;;
OVO040332;30/06/2017;AMS Administratieve Cel;f02e0c87-539d-03f2-bc49-aa01ac0370f2;;;;;
OVO040343;30/06/2017;AMS Antwerpen;b6786efe-4fa4-2dba-ee80-628bb975ce62;;;;;
OVO040339;30/06/2017;AMS Berlijn;901a5035-5131-6184-aec1-094d844ec1cc;;;;;
OVO040335;30/06/2017;AMS Cel Data;9d686f62-d7bc-9b45-b1c5-ea63d9418235;;;;;
OVO040340;30/06/2017;AMS Cel Dataverzameling;0c5762ff-5f1b-2ce2-d731-44e09447c1d9;;;;;
OVO040334;30/06/2017;AMS Cel Rapportering;3e688a78-37ef-cb1b-70ab-c4c133412bec;;;;;
OVO040333;30/06/2017;AMS Cel Studie;fb9366d9-bb7f-634c-cb4d-245446078b4c;;;;;
OVO040338;30/06/2017;AMS Den Haag;c12f6bba-6b30-8978-3e5b-d758303c8cf2;;;;;
OVO040336;30/06/2017;AMS Hoofdbestuur;d265a15c-acfb-f67b-5746-84b9e7e6dd68;;;;;
OVO040341;30/06/2017;AMS Limburg;a1b15857-e7e4-9e4d-22ee-46d007761e15;;;;;
OVO040344;31/08/2017;AMS Oost-Vlaanderen;8a702deb-5c68-744d-7e0f-b4a72b3c0776;;;;;
OVO040337;30/06/2017;AMS Parijs;4f0faf42-672b-9104-b645-2255c0556ec1;;;;;
OVO040342;30/06/2017;AMS Vlaams-Brabant;77cac7d1-243e-2788-066e-c45e477a2825;;;;;
OVO040345;30/06/2017;AMS West-Vlaanderen;0a2a8e70-b017-3ce4-ee5f-04b1877a3e06;;;;;
OVO040255;30/09/2020;Aankopen;89781935-38e0-902f-7f8d-ca738114e5c7;;;;;
OVO038470;30/04/2018;Aarschot Beheer;f29b74b1-af01-0f5a-4d70-360267d084cd;;;;;
OVO038471;30/04/2018;Aarschot Uitvoering;78fc2753-702d-a2df-323b-05dd2a778d63;;;;;
OVO040118;31/03/2019;Administratie zwembad;87ae6c86-3289-86e7-8eae-34ec82fcaca8;;;;;
OVO037901;10/03/2020;Administratieve Ondersteuning;448b510b-62cb-7d4b-15bc-6d8ecbdc7f3a;;;;;
OVO048686;25/10/2018;Administratieve Ondersteuning;e86de59a-0b66-18f2-1722-672c97476c71;;;;;
OVO048688;31/07/2012;Afd. EO-Team KMO-Portefeuille;36dda5fd-ef88-5cf6-8544-a03cc41a6da9;;;;;
OVO048687;31/07/2012;Afd. EO-Team Ondersteuning;9ffea80a-c58b-568d-ff6b-e9ca3cd8c29a;;;;;
OVO040251;30/09/2020;Afdeling Boekhouding & Aankopen;39a70a36-8e28-c6d7-068e-80fe793e7412;;;;;
OVO040249;30/09/2018;Afdeling HR, Financieel & Facilitair Management;82e04a4f-6aed-9e5d-05ae-4e486adc53fa;;;;;
OVO028620;22/11/2020;Afdelingssecretariaat;070beda1-a2a5-fb7f-a199-1f125dc6c64d;;;;;
OVO036844;18/02/2018;Applicatiebeheer;3e9cc46b-76ba-021a-ee47-2a71984f00dd;;;;;
OVO037997;31/12/2020;BE-REEL;30e27ec2-9f2b-61e0-2cb7-c366c8d8bebc;;;;;
OVO048599;30/04/2019;Bedrijfsadvies;dab620ca-3635-4592-d3a5-5b79b6acd418;;;;;
OVO037192;30/04/2019;Bedrijfsadvies Regio Oost;6317439d-a372-4030-8913-e43a9c8dba09;;;;;
OVO037209;30/04/2019;Bedrijfsadvies Regio West;3e6ce926-c42b-b726-6478-60fb98d020f3;;;;;
OVO038026;24/02/2016;Beleid AWV;d8ac7097-d8b1-266a-fcbc-bf8ebb2ce337;;;;;
OVO047819;31/12/2020;Beleid, Strategie en Ondernemingsplanning;33e97fae-7f36-0064-e3de-b3938975004d;;;;;
OVO039496;18/02/2018;Beleidscel;ecaa51ed-a5b2-be10-e0a6-1ebcca09f298;;;;;
OVO039418;31/12/2017;Beleidscel Sociale Economie en Duurzaam Ondernemen;1a847705-0c01-282f-72f5-d5f9433b4680;;;;;
OVO039476;31/12/2017;Beleidscel Toezicht & Handhaving;6512e518-aa0b-266e-4d82-edd33a50b4ae;;;;;
OVO039406;31/12/2017;Beleidscel Werkgelegenheidsbeleid;32f752c1-3086-af66-a2db-955ff1145986;;;;;
OVO039670;22/02/2021;Beleidsondersteuning en Communicatie;08107d07-d805-3a91-179f-35b4e2e869ca;;;;;
OVO036903;31/03/2020;Beleidsuitvoering & Opvolging;d04044ea-46d2-d21f-ae84-fb5510715a29;;;;;
OVO039952;31/01/2021;Bemiddelaarspool;e62f7ade-97b6-ffc3-00b2-6bb578118917;;;;;
OVO044535;31/05/2016;Binnenmilieu;ae05d948-0188-58a7-e0cc-ec34964ce3e6;;;;;
OVO037796;31/08/2019;Bodes;130f7b4d-8f59-aba7-b306-e8a04dcf787f;;;;;
OVO040252;30/09/2020;Boekhouding;d4bad8b3-1a86-de8d-336b-66a1062dac5b;;;;;
OVO038413;29/02/2020;Buitendienst;ad3c8a41-811f-8642-99ea-1de0d2ecc2ee;;;;;
OVO038402;30/04/2018;Buitendienst Antwerpen;904a1255-4428-1ec9-6a71-3ec28ca9432c;;;;;
OVO038403;30/04/2018;Buitendienst Limburg;b7260ddb-2a99-7244-eb14-ce15b7df197a;;;;;
OVO038404;30/04/2018;Buitendienst Oost-Vlaanderen;e94f7e06-ca5b-8943-a0af-3ab3165034a3;;;;;
OVO038405;30/04/2018;Buitendienst Vlaams-Brabant;f5b59e63-b5ea-c7d9-d7ff-af58c367d3cd;;;;;
OVO038406;30/04/2018;Buitendienst West-Vlaanderen;47b188b6-69e8-373e-2ca2-8c73b3a74046;;;;;
OVO039798;15/10/2020;Business Liaisons;759cf77a-e63d-b0b3-48b8-9ad65ffbc3e5;;;;;
OVO040254;30/09/2020;CLA;3c1310b4-339e-29ac-5cbc-92ba895fbb73;;;;;
OVO037488;30/04/2010;Cel Fotogrammetrie;04ea24bd-cc9d-9f47-e76d-9f8bc3fb596c;;;;;
OVO037478;30/04/2009;Cel Fotogrammetrie;b69279a6-3f61-0cd0-5f43-304bf786d447;;;;;
OVO040374;30/06/2017;Cel KI Bio-controle;92dd5ab9-6c69-d315-0731-05d8b4e67be0;;;;;
OVO040372;30/06/2017;Cel KI Hasselt;bc7b63b4-8751-0137-29d2-6cd3cba2b094;;;;;
OVO040371;30/06/2017;Cel KI Merelbeke;8a2d37b0-c723-5f3c-77b4-0b9287a17b1b;;;;;
OVO037480;31/12/2009;Cel Ondersteuning Bestekken;188b7783-7d7e-ba2f-a994-c6e0aacdefdf;;;;;
OVO037481;31/12/2009;Cel Ondersteuning Kwaliteitszorg;8cfc4c28-251b-413d-447d-b705c57954f6;;;;;
OVO044574;30/06/2017;Cel Persoonsgebonden budget;ea03f03c-3b37-91bf-7282-1aae82bcf325;;;;;
OVO037479;31/12/2009;Cel Prijzenadvies;0e5e598a-a123-8906-3edc-5e275129e447;;;;;
OVO031301;31/08/2020;Cel Simulaties;ecd959b4-028e-2a89-aded-167b516645c8;;;;;
OVO029120;31/05/2019;Cel intake 1;338e6da5-7616-4978-ec49-e871b30a28bb;;;;;
OVO029121;31/05/2019;Cel intake 2;8694b18b-2a14-7f51-7bb2-f9a83a7e78dc;;;;;
OVO029122;31/05/2019;Cel intake 3;06e91173-1eb6-c0a2-90ee-ddf359a5b345;;;;;
OVO031197;31/08/2019;Celprojecten;437af11c-a7df-c628-bfba-1cfb7f52ef4b;;;;;
OVO040139;31/03/2019;Centrum;5f02b2d7-bad3-007a-d347-730e59d55f4f;;;;;
OVO038690;31/03/2020;Cluster Asper;4e22bf4e-9707-07ec-6323-787a15d75a38;;;;;
OVO038841;7/12/2020;Coaching;db8960bb-0453-c7a1-83fe-5eee8050267c;;;;;
OVO038836;31/07/2020;Concessies;08be5399-6f98-c6e5-1c11-1b5628fc5e4e;;;;;
OVO036637;30/04/2021;Contracten & Juridische ondersteuning;9954f26d-9920-a875-a6c5-15c35b516d63;;;;;
OVO038045;26/08/2012;Contracten - Patrimoniumbeheer;523369fe-2cf9-e76e-f586-b1b10c0462f4;;;;;
OVO049259;31/03/2021;Coördinatie emissiemeetnet Ijzer, Leie en Brugse Polders;eb84bf8f-1ac4-4d1e-e64a-6d542e51c323;;;;;
OVO039738;6/01/2021;Coördinatie onderhoud;f29aafbd-2155-1a69-a06b-d1e20156fca0;;;;;
OVO037179;30/04/2020;Crediteuren;e1b55d59-18c0-24bf-a664-35b09375b275;;;;;
OVO037637;15/02/2021;Databank Ondergrond Vlaanderen;92fe4d9a-8e79-8f37-86c0-95881bcd150a;;;;;
OVO039407;31/12/2017;Dienst Activering en Individuele tewerkstellingsmaatregelen;3ec98a19-5b34-cf0f-1e54-e62af40f46e2;;;;;
OVO041232;16/03/2021;Dienst Beroepsopleiding;96213260-94d9-5d20-5100-c08fb5977ce1;;;;;
OVO039408;31/10/2016;Dienst Competenties en Loopbanen;de079f8a-a4bd-11f0-b094-c2c2405c802f;;;;;
OVO039420;31/03/2015;Dienst Duurzaam Ondernemen;d068bf23-b598-5ea2-b5a1-38fde56a1a5d;;;;;
OVO039453;31/12/2017;Dienst Econ. Migratie Antwerpen;b43c6ae0-e5b6-f5c1-9f81-50abd4025345;;;;;
OVO039454;31/07/2014;Dienst Econ. Migratie Limburg;ed0b9f07-f56a-cb3a-e263-5f5394fbba71;;;;;
OVO039459;31/12/2017;Dienst Econ. Migratie Limburg-VLB;c9c92b9f-90d1-90ec-12f3-807ccfce298d;;;;;
OVO039458;31/12/2017;Dienst Econ. Migratie OVL-WVL;6a28b249-850b-ef10-116c-39181fd7e418;;;;;
OVO039457;31/07/2014;Dienst Econ. Migratie West-Vlaanderen;917c3700-49e6-7828-aa38-120531818802;;;;;
OVO039448;13/09/2018;Dienst Economische Migratie;6a38af61-7a16-2400-3d2a-a8d5ea26206f;;;;;
OVO040539;31/03/2016;Dienst Exploitatie;4cd5be4b-4863-8d92-a36b-3e5aecf0a953;;;;;
OVO040502;30/06/2017;Dienst Exploitatie;14fc09dc-60ab-64f0-875f-877057682025;;;;;
OVO040511;30/06/2017;Dienst Exploitatie;d398bf09-f5a1-8516-3e47-0def484995f8;;;;;
OVO028605;31/10/2019;Dienst Inkoop en Vast Actief;c7427a43-a0b0-2e29-52fb-f36295b44617;;;;;
OVO039478;30/07/2018;Dienst Onderzoek en Verificatie;19c7af24-39ee-11ab-be25-a6973e6a29ab;;;;;
OVO040540;31/03/2016;Dienst Ontwikkeling;285c9b96-b339-5331-ca87-ebfe66d0ca9c;;;;;
OVO040738;30/06/2017;Dienst Ontwikkeling;34dd83d1-09dc-f4a6-8bba-f2f9265a5e91;;;;;
OVO040512;30/06/2017;Dienst Ontwikkeling;bae02e37-b832-5763-3912-ad8ba025dfd9;;;;;
OVO040503;30/06/2017;Dienst Ontwikkeling A;95720038-c9c0-4909-dc33-9a293ecbc857;;;;;
OVO040504;30/06/2017;Dienst Ontwikkeling B;5f0528ff-65e7-d60d-bde0-e042952fbdbc;;;;;
OVO040505;30/06/2017;Dienst Ontwikkeling C;a5975e96-b75b-043a-2028-ee4d4f99ed3a;;;;;
OVO039477;31/07/2018;Dienst Operationele Inspectie;417af77a-1160-88a9-6a15-d0e4873694b1;;;;;
OVO039481;31/12/2017;Dienst Operationele Inspectie regio Oost;8b66b6c7-da18-5fee-1994-3bd88cb27e0a;;;;;
OVO039493;31/05/2020;Dienst Operationele Inspectie regio West;ccbf74e0-b33d-096b-6b0f-330bbc3031fa;;;;;
OVO039482;31/12/2017;Dienst Operationele Inspectie regio West;d18b602e-8a8d-3905-3eac-4d1adacffafa;;;;;
OVO040506;30/06/2017;Dienst SAS;a771b706-cd3e-3325-db6d-7a88424a697b;;;;;
OVO040541;31/03/2016;Dienst SAS;9abffb3e-15bf-d57e-1dff-2495c53b63eb;;;;;
OVO040514;30/09/2016;Dienst SAS;8cbd1fcd-6e98-57c4-7f41-6a1699f36041;;;;;
OVO039421;31/12/2017;Dienst Sociale Economie;539f6edb-82c1-40fb-9cf2-4bcd2fa27a20;;;;;
OVO039419;30/07/2018;Dienst Sociale Economie en Duurzaam Ondernemen;e94bd9c6-062c-8062-c142-ac8161e30bd1;;;;;
OVO039497;31/12/2017;Dienst Werkenden;94e4e8a6-7303-cf0a-e36a-4448c845f0f2;;;;;
OVO039498;31/12/2017;Dienst Werkzoekenden;2161886f-76d5-ac6f-c973-196d86645bc0;;;;;
OVO039449;31/12/2017;Dienst dienstencheques en uitzendkantoren;6e85f27b-2fd0-292c-cd42-914851030496;;;;;
OVO028706;28/02/2013;Dienstencentrum/VFP 1;ac0b9553-7098-9e9f-6fab-96a3cc8d348f;;;;;
OVO028707;28/02/2013;Dienstencentrum/VFP 2;2b768017-0f36-0e1d-cca4-8e7a5b2bce90;;;;;
OVO028708;28/02/2013;Dienstencentrum/VFP 3;86b400de-4ed5-1ca9-8640-c16e9b7e0bdb;;;;;
OVO028709;28/02/2013;Dienstencentrum/VFP 4;d3f0e2f4-40d9-df76-d043-41e32c93b5bf;;;;;
OVO038282;30/09/2015;Dienstkring Neerpelt;36737ef7-d24e-374d-b121-2a7aac4c5479;;;;;
OVO038278;30/09/2015;Dienstkring Sint-Truiden;73f4e98e-4029-d8dc-f210-c6b312073776;;;;;
OVO036910;31/03/2020;Digitalisering;8e875623-3f6f-3fef-767f-89818a87b7c9;;;;;
OVO038039;31/07/2020;Districtswerking;1ffc73b0-ef77-55fa-780d-ae097ef02ef5;;;;;
OVO029108;30/11/2019;Dossierbehandeling;817fb0e8-b8f3-6990-7fee-cb021da66d19;;;;;
OVO044539;31/05/2016;Drinkwater;cae645bf-126e-52ab-71bf-7b1f44525155;;;;;
OVO036656;30/11/2019;Dynamisch Verkeersmanagement 2;62aedcf0-9b64-a5e7-1cdb-77c135b15224;;;;;
OVO037650;30/04/2012;EM;4fa13490-ebb7-4593-dddf-fc3165ac0158;;;;;
OVO037676;31/10/2019;EW3;c7702557-3dbe-5207-8650-e0365eb87d15;;;;;
OVO041674;31/10/2020;Electriciens;e3ceccf9-cfdb-57b0-fe35-d7d368a71428;;;;;
OVO041234;16/03/2021;Europese Projecten;d11337d7-327e-f13e-46da-a584351c76d5;;;;;
OVO037880;4/03/2021;Examencommissie;bd0ead37-6a7b-3af3-7847-0a8558ed3fc6;;;;;
OVO036545;31/07/2020;Exploitatie;d41b9666-c4af-3955-0447-487e1b768bcd;;;;;
OVO038041;31/07/2020;Exploitatie - Concessies;374bcbe1-6d17-c9c8-59d8-728eae77a3d8;;;;;
OVO038038;31/07/2020;Exploitatie - Districtswerking;9201d4cb-7739-6d94-0e41-670e2cb72b1a;;;;;
OVO038042;14/04/2014;Exploitatie - Districtswerking;e04f7668-abe4-1883-71b8-1c9dbce6fca3;;;;;
OVO038043;14/04/2014;Exploitatie - Milieu;ad1daceb-3c67-c3f7-1689-aa6ce88c0318;;;;;
OVO038040;31/07/2020;Exploitatie - Milieu;e78ea4d6-337f-b022-325b-6ca4ae6d1112;;;;;
OVO038037;31/07/2020;Exploitatie - Preventie en Veiligheid;7c9a09ed-2337-7177-1bef-d48fec25308c;;;;;
OVO040279;30/09/2018;Facilitair Management;07d0db56-55ad-d710-54cc-3e0b60abe229;;;;;
OVO040281;9/02/2020;Facility;f0e2212e-ad8b-dd0b-ac6a-68dff2a17148;;;;;
OVO038047;31/03/2020;Financieel;5d6b1cee-475a-8619-a662-5498757f1e77;;;;;
OVO040278;30/09/2018;Financieel Management;7f20dbe2-aefb-e17f-9cbe-451979e409d0;;;;;
OVO039732;31/03/2020;Financieel Management;d05007c5-fdd9-c377-9827-bbf26d4f1593;;;;;
OVO044537;31/05/2016;Gezonde Mobiliteit;550a95bc-37cc-4b22-a8e8-93a110b7be8c;;;;;
OVO041676;31/10/2020;Glazenier;2cf905c6-afbd-bef4-a4d6-b1c938a544a3;;;;;
OVO038272;24/02/2016;Grondbeleid;3af6ad95-ea1b-5cdf-d0a9-a9d1fbcf186b;;;;;
OVO040277;30/09/2018;HR;f66c5fae-4d87-f6f5-f0cf-3cb51a8348aa;;;;;
OVO038477;30/04/2018;Halle Beheer;c4e4511f-4044-8faf-972a-82deedc83796;;;;;
OVO038478;30/04/2018;Halle Uitvoering;94e5a599-4eb5-c57f-7303-fb24a31c625d;;;;;
OVO041381;13/10/2020;IROJ-team;db6d1f9c-1460-5c16-ff7f-a96a37b2f84e;;;;;
OVO039850;4/03/2021;Informatica;2a012657-4a67-43fd-abb0-32e88ce9fd02;;;;;
OVO038034;24/02/2016;Interne Communicatie;ed31468d-9aee-8201-d296-56a563db9f5a;;;;;
OVO035223;30/11/2019;Invoer- en scanteam;95e61cb0-85e0-dab1-8d64-c2cfdb7b70ac;;;;;
OVO036483;30/06/2019;Invordering 2;9b04e1cb-ecc8-3613-3d82-a3d682dd3bb1;;;;;
OVO036485;30/06/2019;Invordering 4;75bff372-b3b7-f16b-675d-33840c00fa43;;;;;
OVO036487;2/03/2021;Invordering 6;e6e87452-3c28-d33a-723f-def7e24e168d;;;;;
OVO041380;13/10/2020;JO Lijn;24e3bbd9-ecc3-50d8-4244-67dae9fb98cf;;;;;
OVO031082;30/04/2020;Juridisch Team;d795bbfc-542d-4148-1b1e-cb69e3567c78;;;;;
OVO039446;31/12/2017;Juridische cel;11b7a8d1-ad02-3628-3961-31630ef4c529;;;;;
OVO036902;31/03/2020;Kernproces STL;d1c4f406-1fad-0839-8c5b-a13ebb2370f8;;;;;
OVO041673;31/10/2020;Klusjesmannen;122c3ac4-78bf-6991-98aa-2fe26f6f7a73;;;;;
OVO038457;31/01/2015;Kunstwerken;61e965df-099d-fc6b-31ed-d748f7d31433;;;;;
OVO038320;30/04/2018;Leuven Beheer;6b95b610-4517-667a-82ca-5f5363b7015d;;;;;
OVO038321;30/04/2018;Leuven Uitvoering;9a09dc0c-7168-0c45-7b19-90ee9bc6b4a6;;;;;
OVO039583;17/01/2021;Logistiek;35b15fea-68ba-6051-40e1-7a985886dcc3;;;;;
OVO041675;31/10/2020;Loodgieters;94b6b7a1-09bf-ff47-79dc-b6cacca60501;;;;;
OVO036326;31/12/2019;Loods Retie Ploeg 1;99f7e98c-b78e-c394-95b9-1772b7d23ab1;;;;;
OVO036327;31/12/2019;Loods Teunenberg - Olen;a2a90003-ec76-dce9-4dc8-9aa54520b97a;;;;;
OVO040263;30/09/2020;Managementondersteuning;a03ed993-5780-5b59-2382-ba8f89ae1025;;;;;
OVO049267;31/03/2021;Meetnet Bacteriologie;248de39b-dd34-b736-f847-2e0d5f688418;;;;;
OVO049268;31/03/2021;Meetnet Diatomeeën;1ffb2a64-37b0-909c-70c8-23e33e791723;;;;;
OVO040015;30/11/2020;Mobiele ploeg Antwerpen, Limburg, Vl. Brabant;a0476930-1f93-cf00-8711-214aad77987c;;;;;
OVO040014;30/11/2020;Mobiele ploeg O & W Vlaanderen;b2d72fac-7b48-99f4-af7b-20053204df6e;;;;;
OVO044540;31/05/2016;Niet-thematische projecten;3005e837-96b8-7b35-9f4e-0463d2eca0a7;;;;;
OVO037285;31/03/2020;Nijverheidsbrug;88cf5e62-f44f-635a-578e-0bf43643c2da;;;;;
OVO031125;31/05/2019;OPS On site support;3af42f95-ead7-fbda-5a84-39e9f02f6bfe;;;;;
OVO038275;31/08/2019;Ontwerp;b2bce2ca-89bd-4514-8787-03cbedec43b2;;;;;
OVO038274;31/08/2019;Ontwerp en Topografie;788a22de-b4fb-088c-ff1c-36ff0705221e;;;;;
OVO049874;30/03/2015;PBD;6f84954e-6c73-d7b5-0c09-5b0cd89de616;;;;;
OVO041461;14/09/2020;Paramedische beroepen;8b6a3a33-95d8-e4c4-861b-e346571c5da8;;;;;
OVO028901;30/04/2019;Partnerschappen met best. en maatschap. Ant.;2ac64da5-7832-bf96-878d-8022ca5843ff;;;;;
OVO028911;30/04/2019;Partnerschappen met best. en maatschap. Duinpanne;016d0126-2a29-2e09-091c-a2ff8c4d3aeb;;;;;
OVO028905;30/04/2019;Partnerschappen met best. en maatschap. Limburg;96875807-0222-4f48-52cf-78940de60acf;;;;;
OVO028903;30/04/2019;Partnerschappen met best. en maatschap. O-Vl;b18fd112-aee1-a322-3cda-6b502e86bac1;;;;;
OVO028904;30/04/2019;Partnerschappen met best. en maatschap. Vl-Br;8e39e3e5-5e0c-15c9-0f6d-9f9f54a43492;;;;;
OVO028902;30/04/2019;Partnerschappen met best. en maatschap. W-Vl;278aaef4-53a2-ba07-c087-07062def0b45;;;;;
OVO039575;17/01/2021;Personeelsmanagement;4b06000a-9225-a54b-316c-40c888fc5006;;;;;
OVO044930;30/04/2019;Proces Beschermen;3e2ecd1a-8962-1836-2585-128d7a875047;;;;;
OVO044929;30/04/2019;Proces Inventariseren;076eefc4-5688-1fab-affc-f142f349e7a1;;;;;
OVO041235;16/03/2021;Proeftuinen;d5d3826e-d951-4b65-ec39-80d0d330ba28;;;;;
OVO038483;31/12/2015;Projectingenieur kunstwerken;e68f15a8-619d-dde6-4e07-cbb3975f6c03;;;;;
OVO039480;31/03/2015;Projectteam inkanteling controles dienstencheques;fcaf8270-428e-e852-68d8-e51214ea7d92;;;;;
OVO040260;30/09/2020;Provinciale dienst Antwerpen Financiën;405a0091-b0c5-2cad-473b-c07c1a154f65;;;;;
OVO040257;30/09/2020;Provinciale dienst Centraal bestuur Financiën;d97f3854-4e1c-b7cc-fd09-791a9a725055;;;;;
OVO040262;30/09/2020;Provinciale dienst Limburg Financiën;d0b53d06-fd23-8804-930e-5e6115f446bf;;;;;
OVO040259;30/09/2020;Provinciale dienst O-Vlaanderen Financiën;48319245-66f0-76bd-e12d-02bf031ea048;;;;;
OVO040261;30/09/2020;Provinciale dienst Vl-Brabant Financiën;c51f1247-a816-e32c-bb42-fd05bb15de4b;;;;;
OVO040258;30/09/2020;Provinciale dienst W-Vlaanderen Financiën;20602243-d0e4-24af-3ba9-d080466ee67e;;;;;
OVO044538;31/05/2016;Recreatiewater;803a38bd-51d3-f14d-877f-09a8c68d240b;;;;;
OVO029099;30/06/2020;Regio Limburg 2;c0151a81-550b-bca5-892e-d7c19062b4a7;;;;;
OVO039741;30/03/2021;Renovatie en Nieuwbouw;3e6071b2-271e-dc1e-bda7-a171cc88ba02;;;;;
OVO039742;30/03/2021;Renovatie en nieuwbouw 1;35f0fb0b-a549-ecf1-81e0-6fc89ab9526d;;;;;
OVO039743;30/03/2021;Renovatie en nieuwbouw 2;565ba48d-a3a5-57e2-710b-4fa0fc7f76a8;;;;;
OVO039744;30/03/2021;Renovatie en nieuwbouw 3;023e3497-308d-c61f-55fd-a36b3a7db636;;;;;
OVO039745;30/03/2021;Renovatie en nieuwbouw 4;3077ea77-430d-8c19-baaf-a9d312c4f5c0;;;;;
OVO044536;31/05/2016;Risico-analyse/Hotspotwerking;b6bd34b0-fc2c-9f82-9390-ba9dcb454c69;;;;;
OVO040231;30/11/2019;Schoonmaak;f373db07-098d-4632-605b-c6af1490bb7e;;;;;
OVO040132;31/03/2019;Schoonmaak;fec5ca26-39c5-16d5-a815-388dc7d06f33;;;;;
OVO041677;31/10/2020;Schrijnwerker;d160d4f3-231e-272b-f8a7-1f38212bcf46;;;;;
OVO039417;31/12/2017;Secr. Adm. Ond. & Horizontale Functies ASEDO;af558845-e97c-76d9-e80e-856b612a9da1;;;;;
OVO037529;31/08/2020;Secretariaat;467079f7-6738-beae-44fc-6c0ff025020c;;;;;
OVO037541;31/08/2020;Secretariaat;85faec38-adf5-5f39-cb95-98dc933c7a01;;;;;
OVO041233;16/03/2021;Secretariaat;f247e285-fa67-099d-4b41-ac47d2f4b75e;;;;;
OVO041230;16/03/2021;Secretariaat;34a4dbfc-f87c-e097-829c-2cfcf1c3a83b;;;;;
OVO037476;31/12/2009;Secretariaat;848b2723-a9f9-ff30-3b99-078c2eb1d04a;;;;;
OVO039445;31/03/2015;Secretariaat Juridische diensten & Erkenningen;04316466-6dbc-1eb8-5db9-d1eb804c593a;;;;;
OVO039350;30/07/2018;Secretariaat SG;0452a8de-1a9d-bda4-30ea-862eac85f516;;;;;
OVO039474;31/12/2017;Secretariaat Toezicht & Handhaving;63686b4d-e970-a714-c591-dbff06b447af;;;;;
OVO039405;31/12/2017;Secretariaat Werkgelegenheidsbeleid;58712d5d-1500-48de-586c-5ffc6550443c;;;;;
OVO039495;31/12/2017;Secretariaat en administratieve ondersteuning ESF;6d9c15fe-7a22-a83b-1e99-b044cc7f86d5;;;;;
OVO037640;9/07/2020;Sectie Terreinproeven I;0de3f569-fbec-7744-e33c-403daa9205da;;;;;
OVO040294;30/04/2019;Siros;afe9f16d-99f0-6b2f-4065-721096ff51f6;;;;;
OVO040110;31/03/2019;Sportttechnisch;707f6ee8-dd6a-14d6-ee3e-f99989bd87ed;;;;;
OVO040507;30/06/2017;Staf;f0ff677c-6863-e6e2-6096-79ef9a009623;;;;;
OVO040250;30/09/2018;Staf;d7e3d513-f6e8-4515-c20f-7301c7d35600;;;;;
OVO037081;30/06/2018;Staf 1;d3d27219-8fd6-1241-6821-537a63e9c888;;;;;
OVO037082;30/06/2018;Staf 2;be9e34a5-9ae4-d718-28ef-638fb95b7fae;;;;;
OVO041379;13/10/2020;Staf Diensten van de Administrateur-generaal JW;ffeb0e03-e09e-10bd-4b14-10f62f3caaaf;;;;;
OVO048260;31/12/2020;Substaf 4;462a1be4-ce90-7ac9-f75b-034e9bc66104;;;;;
OVO037998;31/12/2020;Subteam Erkenning en Lay-out;77c84afd-4836-472d-76fc-1317483da822;;;;;
OVO037599;31/08/2020;TK Vlaams-Brabant;06838168-ae53-7b4f-e539-d2f969415ffc;;;;;
OVO029109;30/11/2019;Team 1 West;6bcd25f8-a9fe-4469-7890-50bc00415eae;;;;;
OVO036904;31/03/2020;Team 1 West;b7897537-1e7b-d20d-d6cc-28dc1a87a87c;;;;;
OVO029110;30/11/2019;Team 2 Centrum;58928610-9ba9-2a35-9874-c80730b7bfac;;;;;
OVO036905;31/03/2020;Team 2 Leerplicht;723e485f-341e-11ae-7981-1a3a745137d1;;;;;
OVO036906;31/03/2020;Team 3 Noord;11232bf0-8ba3-3ae8-dbdb-eff5533ecf0a;;;;;
OVO036907;31/03/2020;Team 4 Oost;109dc868-2b46-9af0-5369-7a7eab6a6206;;;;;
OVO036908;31/03/2020;Team 5 Klantenondersteuning;0528889d-8a3b-8e30-d024-7fdbca557832;;;;;
OVO036909;31/03/2020;Team 6 Zuid;2b5ec57f-f718-ad27-551a-439c013687cd;;;;;
OVO039917;31/01/2021;Team AMC 1;e9650b91-1e1e-4f01-b0f9-463317a35760;;;;;
OVO039918;31/01/2021;Team AMC 2;6e00fa93-9fe4-2528-7772-2771b650c533;;;;;
OVO040515;30/06/2017;Team ANG1;c8cf8af0-c28c-8c15-a444-954b97d9fdeb;;;;;
OVO037460;30/06/2010;Team Algemeen Beleid;6c682371-fd8f-3d32-92b5-5a5d1df4fb34;;;;;
OVO039438;31/12/2017;Team Analyse en Monitoring;10e47807-2267-5fad-a294-74172ad16921;;;;;
OVO029112;30/11/2019;Team Antwerpen;71f34e50-1633-7a29-4a4f-33dc1fa8581e;;;;;
OVO040529;30/06/2017;Team BRK;9ac0cf69-f1b1-968c-f27f-3d9f363ce2d6;;;;;
OVO040554;30/06/2017;Team BRK;0a46bd83-bdb5-f4b2-4220-21ff58631f44;;;;;
OVO040546;31/03/2016;Team BRK;8f1c16d4-afef-3c14-4272-44fd92da2341;;;;;
OVO037457;31/12/2009;Team Beleidsafstemming;1ffb2c4c-d498-16c2-9c62-aed9953d5c88;;;;;
OVO040421;30/06/2017;Team Beleidsvoorbereiding;fe4541ee-7c3f-0fb5-94b5-231dd56dd85f;;;;;
OVO039460;31/12/2017;Team Beroepskaarten;fc4235b5-ab82-2934-21f6-63622c7c8f33;;;;;
OVO039580;31/08/2019;Team Beroepskaarten;679d0082-3496-541d-e1c6-f1b16b253bfb;;;;;
OVO040256;30/09/2020;Team Boekhouding / VA;c81b1f3c-f1e7-b1aa-dcfa-e64d2fe64e60;;;;;
OVO029113;30/11/2019;Team Brugge;83f32ecf-0fe3-5e11-ae15-8d27a3b9ecf7;;;;;
OVO029119;30/11/2019;Team Brussel - Intake;10b722b9-f389-3d10-ffa1-496c238ba6f2;;;;;
OVO029114;30/11/2019;Team Brussel I;736827e9-6760-dd78-efba-fff7278632f4;;;;;
OVO029115;30/11/2019;Team Brussel II;9dea4efa-cfb8-b832-2211-c693755465f4;;;;;
OVO029116;30/11/2019;Team Brussel III;14c7b4a6-8572-c80f-3447-e481fa352918;;;;;
OVO037458;31/12/2007;Team Buitenland;f359f7fb-36ce-613d-135c-637ce61a5e0f;;;;;
OVO040075;30/06/2021;Team Business, Retail en IT AMB regio Leuven;96f11a75-10f0-e2e7-029c-a05818cf2a9a;;;;;
OVO040530;30/06/2017;Team CTL;e4d8c778-1af9-825d-5480-6428d17385de;;;;;
OVO040555;30/06/2017;Team CTL;e1755725-b114-1755-df60-5af745b0c100;;;;;
OVO040547;31/03/2016;Team CTL;2651d7ca-f4fd-c294-2597-0cb301ff9cbd;;;;;
OVO040526;30/06/2017;Team CUBA;064bd4ce-d1bc-e30d-b6e8-47d46b17d785;;;;;
OVO040544;31/03/2016;Team CUBA;07acd6b2-1083-57d8-bf16-fb7f2c5d5b48;;;;;
OVO040552;30/06/2017;Team CUBA;5dd3b145-9619-2ddb-aa4e-e82217755dc9;;;;;
OVO038507;31/03/2020;Team Communicatie;4d0e3578-8af1-c9b2-1693-993d0490f9e9;;;;;
OVO039410;31/12/2017;Team Competentiemaatregelen;61325449-fd9a-bb8d-b517-a1d61d46343c;;;;;
OVO038418;29/02/2020;Team Controle;1f296b5f-736d-7fc0-739a-10e8276692fa;;;;;
OVO040523;30/06/2017;Team DBA;9db8cf4d-86a6-6412-6acc-c024ce7d77b0;;;;;
OVO040253;30/09/2020;Team Debiteuren;1acf2728-25e1-8676-7078-123e178b558d;;;;;
OVO039431;31/12/2017;Team Duurzaam Ondernemen;b01ac400-21ec-d826-729f-ed5ceff43743;;;;;
OVO040509;30/06/2017;Team E-government en Digitale Processen;57a7aa86-d585-bffb-f22b-02186475dfb7;;;;;
OVO040537;31/03/2016;Team E-government en Digitale Processen;9c111dbf-33d0-d3b5-858b-5c7103fd48a3;;;;;
OVO040500;30/06/2017;Team E-government en Digitale Processen;350ef88a-338e-9a64-3a6a-d9e01026ec1b;;;;;
OVO040551;30/06/2017;Team EVA;ad7668e3-713d-50f2-e795-b63336145d33;;;;;
OVO040543;31/03/2016;Team EVA;e9801e3c-2d53-24a7-e430-97629afd8d14;;;;;
OVO040527;30/06/2017;Team EVA;c9cad09a-7b5b-914c-8477-b7c2b90e0285;;;;;
OVO039578;19/12/2018;Team Economische Migratie;911ccb42-e7b3-0d89-523b-66e27ec42afb;;;;;
OVO040516;30/06/2017;Team FIJI;d7cf8b21-9a9f-af38-1d23-2b0196e0d2d2;;;;;
OVO040533;30/06/2017;Team FIT;9d677dee-0982-696d-3d6c-da59ab09846b;;;;;
OVO029125;31/05/2019;Team Financiering;7639a5bd-28df-4f95-32c8-dd73c9ea961f;;;;;
OVO029111;30/11/2019;Team Financiering;b1ea329a-f473-a782-58ec-26d24baf0b7d;;;;;
OVO040264;30/09/2020;Team Financiën;b91495e5-4c22-7cfc-9d5a-65d3bc15af70;;;;;
OVO040269;30/09/2020;Team Financiën;743d385f-9bcd-68a1-e821-45d4bcd44c3c;;;;;
OVO040268;30/09/2020;Team Financiën;41f861a4-3e75-1934-3ad9-2cb24e22c31b;;;;;
OVO040266;30/09/2020;Team Financiën;406a48f8-fec0-970c-f49a-7cf0a95ba09b;;;;;
OVO040265;30/09/2020;Team Financiën;eed4a4c5-ae63-9399-7277-4b459f005d0b;;;;;
OVO040267;30/09/2020;Team Financiën;d09a9248-8652-c6f0-e3a7-fe55ac9f06b4;;;;;
OVO039354;30/07/2018;Team Financiën en Begroting;584600aa-9e44-a2e4-d7f8-06b34f720606;;;;;
OVO040545;31/03/2016;Team GIS;4b14c58c-d9a4-ed93-64d9-e71fa391800e;;;;;
OVO040553;30/06/2017;Team GIS;de2f52e1-6d46-5ca3-1d5d-b9487d161445;;;;;
OVO040528;30/06/2017;Team GIS;251b07d5-a6dc-a755-4a31-e7d7ebd700b6;;;;;
OVO039097;30/04/2020;Team Gebiedswerking;de696719-6c46-fc10-4c88-6e36b6b30ba7;;;;;
OVO029117;30/11/2019;Team Gent;c4ed204b-5d24-d7bc-3013-a63a793c1d8c;;;;;
OVO037551;16/07/2019;Team Globo SVK's;f44f543d-a276-e5e8-0ee9-9c6fe3b3b8e8;;;;;
OVO041369;31/12/2020;Team Groendaalheyde;76a16cfd-2f25-e06a-7fba-e53c5cdb7443;;;;;
OVO040525;30/06/2017;Team HYDRA;5f0d5780-4357-f624-06fd-c0afc6454f9e;;;;;
OVO029118;30/11/2019;Team Hasselt - Leuven;f6fba03e-8128-be03-6dfe-a45aa8ff946d;;;;;
OVO040550;30/06/2017;Team Hydra;12d2363c-76c3-3b0f-3d18-5e774450ac21;;;;;
OVO040542;31/03/2016;Team Hydra;880647fb-327e-ebfc-beb6-3f9670e1fee1;;;;;
OVO039352;30/07/2018;Team ICT en Organisatie;05116023-782a-0baa-315a-1607cc67332b;;;;;
OVO039946;31/01/2021;Team Inloopwerkwinkel;494eb09d-cf50-a5f4-24af-3d400ac803c5;;;;;
OVO036672;31/12/2019;Team Intelligente Wegsystemen;d6090b73-94e8-8860-c189-01714138e0ee;;;;;
OVO039949;31/01/2021;Team Intensieve Dienstverlening Kapellen;901b6f5d-b36a-8b83-e8ca-078c6e23d6b2;;;;;
OVO039950;31/01/2021;Team Intensieve Dienstverlening Mortsel;140b6907-8e5d-96cd-9b7d-6f8ebdd12fd1;;;;;
OVO039948;31/01/2021;Team Intensieve Dienstverlening Turnhout;66a260d9-6f14-6866-82b2-090e50f6424c;;;;;
OVO039353;30/07/2018;Team Juridische Dienstverlening;899eaa17-b2bc-f040-941d-dfed668fa0e7;;;;;
OVO037528;31/08/2020;Team Juridische ondersteuning;6c1e817b-7ef9-cdb8-1546-097d85de8827;;;;;
OVO037473;24/02/2019;Team Kennisstrategie;c9b50080-44c9-5919-7811-2665bdafcae9;;;;;
OVO040521;30/06/2017;Team LUNS;0f6e8fec-c5a3-a18a-e707-5ff015c351a9;;;;;
OVO039436;31/12/2017;Team Lokale Diensteconomie;9fc3eda8-04dc-f208-b4ec-a76088cc6963;;;;;
OVO039409;31/12/2017;Team Loopbanen;19f44749-2bf0-1275-eced-a8d01177d93a;;;;;
OVO037461;20/04/2008;Team Luchthavens;28cf67ae-aaef-9093-056d-782aab4b7ece;;;;;
OVO039435;31/12/2017;Team Maatwerk;c9e67cff-cd6a-e40c-6391-9d7521941ef4;;;;;
OVO049256;31/03/2021;Team Meetnet Afvalwater Bovenschelde, Gentse Kanalen;70b00645-8b54-a955-8b46-026d02ef92b6;;;;;
OVO049257;31/03/2021;Team Meetnet Afvalwater Demer, Dijle en Maas;0722d891-20af-80ba-c565-af9c1271782c;;;;;
OVO049258;31/03/2021;Team Meetnet Afvalwater IJzer, Leie en Brugse Polders;502c0ac4-7962-cda2-ee5f-09e8eac89566;;;;;
OVO049260;31/03/2021;Team Meetnet Afvalwater Nete e;f0d2bd0d-ced5-1880-1a61-555d7b831b35;;;;;
OVO049263;31/03/2021;Team Meetnet OW Bovenschelde, Gentse kanalen, Dender;4b0657c7-499d-020d-d76f-15b50e3d6ec3;;;;;
OVO049265;31/03/2021;Team Meetnet OW IJzer, Leie e;881ecbb7-b24f-20fb-317f-52f9f2ed3ef5;;;;;
OVO049266;31/03/2021;Team Meetnet Oppervlaktewater;693f4ccb-641c-b678-0485-f53ee07a696e;;;;;
OVO049264;31/03/2021;Team Meetnet Oppervlaktewater;d1ae8ab4-72d9-86d3-24c4-d892a35f1334;;;;;
OVO049261;31/03/2021;Team Meetnet Riooloverstorten;bfb4ec5d-581d-e898-f29f-df04f51e3a71;;;;;
OVO037648;31/12/2020;Team Metingen;39751d5c-93ca-4f60-190f-54fc9c605864;;;;;
OVO031091;30/04/2020;Team Milieueffectrapportage;7dc398a4-1cbd-26b5-f850-eb6df3e232a7;;;;;
OVO038419;29/02/2020;Team Monitoring;4b6a8ef1-0b03-37f3-6afd-7f9ab32624ed;;;;;
OVO039919;31/01/2021;Team Onderwijstalent;b856d2ff-016d-b73c-5640-ac08681dbf60;;;;;
OVO031109;30/04/2020;Team Oost Antwerpen;3202c637-01c2-ed84-f03a-5b44f10a8163;;;;;
OVO031114;31/01/2020;Team Oost Gent;56fc8f0a-46a4-5401-f556-fc40b6c84bf7;;;;;
OVO038508;31/03/2020;Team Operationeel Beleid;51aac155-c718-42fd-cba7-d361ad6fe09e;;;;;
OVO037327;31/03/2020;Team Operationeel Beleid;9c13c8d2-3c5b-7e44-5126-7c66c5ed25c7;;;;;
OVO040422;30/06/2017;Team Operationele Coordinatie;4807bd4b-2400-e0a4-3448-057ef3be8390;;;;;
OVO029128;31/05/2019;Team Organisatie VWO;9a63776d-e54f-d44c-bbba-c8bc85fccaa9;;;;;
OVO040538;31/03/2016;Team Projectonderst Aankoop Informatic en Com tech;0494b90b-5266-ad19-5c51-a376077fd6d3;;;;;
OVO040501;30/06/2017;Team Projectonderst Aankoop Informatic en Com tech;2702a015-b936-c817-2828-eab87eb80bdd;;;;;
OVO040510;30/06/2017;Team Projectonderst Aankoop Informatic en Com tech;2f8c65ac-16e0-76a4-208b-4f4c04e7a50f;;;;;
OVO039679;24/08/2020;Team Public Affairs;232bb56f-1d64-6acc-9e3f-51691b982fd1;;;;;
OVO040556;30/06/2017;Team REF1;e5384350-df60-c0c9-1fb2-ccec945f4fcf;;;;;
OVO040531;30/06/2017;Team REF1;e35c880c-3027-111a-ff28-a595ef87b7d3;;;;;
OVO040548;31/03/2016;Team REF1;29a1355a-e2f4-d43a-2f27-5aa15318c17c;;;;;
OVO039577;19/12/2018;Team Regulering en Administratieve Geldboeten;45b97a3b-f69d-d9b1-bbec-9c0c827678ed;;;;;
OVO040535;30/06/2017;Team SAS FW;02919e98-1813-b406-57c7-45f0d8feb7ba;;;;;
OVO040536;30/06/2017;Team SAS Kern;914f70d2-9b70-77f2-3c59-9fc961efcbfe;;;;;
OVO040534;30/06/2017;Team SASFU;db5af429-6318-4621-730f-d21e5a80b5d7;;;;;
OVO040557;30/06/2017;Team SIROS;a8a17d8a-8ead-cdef-9d52-fe62dc141b16;;;;;
OVO040532;30/06/2017;Team SIROS;b3b7e7fb-a280-2097-c1c6-71a31ca20cf6;;;;;
OVO040549;31/03/2016;Team SIROS;6c5b3bc9-7745-0078-35e9-0de7da722c4f;;;;;
OVO038896;31/03/2020;Team Samenwerking;a91562cd-6000-2150-178f-d4fec5e835d5;;;;;
OVO040524;30/06/2017;Team Service desk;79344276-7240-b0b6-f78c-1da823d87734;;;;;
OVO039360;8/12/2020;Team Strategische Verkeersmodellen;d684c1d0-28d4-ea01-a11c-baafd241c49d;;;;;
OVO039437;31/12/2017;Team Subsidies en Arbeidszorg;bcdb2f42-2248-67be-5776-d2d852661d1c;;;;;
OVO039680;24/08/2020;Team Support;ac48ed71-1f95-b411-506b-480204430a40;;;;;
OVO040065;31/03/2020;Team T&L corporate Brussels Airport House;d298a051-8854-bd6e-3a64-f77191759d6c;;;;;
OVO036701;30/11/2019;Team TTW;57a1079d-64a4-608b-d8f3-5c202d518382;;;;;
OVO039429;18/02/2018;Team Talent;d621d1a3-10c5-013c-a012-0a3ab9161c48;;;;;
OVO037459;31/12/2009;Team Telematica;f9a80d0a-8773-5e60-a624-4793a48e78ff;;;;;
OVO036700;30/11/2019;Team Transitie;1f614569-469f-0d22-a793-bd35dfba3291;;;;;
OVO031115;30/04/2020;Team West Antwerpen;83ed7d59-d4fa-a0fb-1d31-1e537d4779cd;;;;;
OVO040522;30/06/2017;Team Wst;0019c98d-5fed-226a-b9c6-522516e34da2;;;;;
OVO040035;31/05/2020;Team Zorg & Onderwijs 1;49bfe362-4fd3-2151-969d-985014ebeeeb;;;;;
OVO040036;31/05/2020;Team Zorg & Onderwijs 2;e08fd27d-fd89-bdb8-7795-7cafa19a2139;;;;;
OVO040079;19/04/2020;Team Zorg en Onderwijs corporate regio Leuven;c11eb748-a606-3aa3-97bd-d7b890926184;;;;;
OVO040078;19/04/2020;Team Zorg en Onderwijs corporate regio Vilvoorde;2abb7923-07a2-86e4-a7e2-180820a15631;;;;;
OVO031113;31/01/2020;Team Zuidoost;90e40f67-ee27-b062-f75c-67193155699a;;;;;
OVO039581;19/12/2018;Team arbeidskaarten (Antwerpen);f08ccb5c-4ea9-645e-2bce-4275e7e4101a;;;;;
OVO039579;19/12/2018;Team arbeidskaarten (Leuven);75094827-6bce-3bcf-3f8d-2a6d9031a240;;;;;
OVO045076;31/12/2017;Team instellingen;377356a6-abcd-1a59-5c18-aea1cb10b69d;;;;;
OVO031095;30/04/2020;Team omgevingsplanning Brugge;b3b2d3d8-b824-dbdb-6dc0-724ca881055d;;;;;
OVO031096;30/04/2020;Team omgevingsplanning Brussel;9ebebe1f-b682-8047-14db-abbeaa469e41;;;;;
OVO031097;30/04/2020;Team omgevingsplanning Gent;e6d63bab-2cab-6111-508e-c241c81c9854;;;;;
OVO031098;30/04/2020;Team omgevingsplanning Hasselt;bd029708-98d5-d731-909f-f4e68d45b5c6;;;;;
OVO031099;30/04/2020;Team omgevingsplanning Leuven;c9790304-3aea-6882-bad5-b2e1573a05b4;;;;;
OVO039432;31/12/2017;Team op het Terrein;51e88fba-6181-7d45-173c-a4de390085f7;;;;;
OVO038417;29/02/2020;Team subsidies;585d97ef-be40-035b-e9d4-28943e499e5d;;;;;
OVO037622;31/08/2020;Team tegemoetkomingen - A'pen;39e80668-c1f7-a6c8-264d-459d290ffa14;;;;;
OVO037624;31/08/2020;Team tegemoetkomingen - Limburg;e65fbad6-a70d-c055-8368-413388c64b77;;;;;
OVO037623;31/08/2020;Team tegemoetkomingen - Oost-Vl;06d30065-62b0-8939-34f7-33921fc13091;;;;;
OVO037626;31/08/2020;Team tegemoetkomingen - West-Vl;7c2f8ef2-c923-6149-592e-2f012222a7c6;;;;;
OVO037625;31/08/2020;Team tegemoetkomingen- Vl-Br;6d47d2f2-66ec-b33c-1363-af7821e5d049;;;;;
OVO041331;27/02/2021;Team voorbereiding 2;1eae2b78-e8cc-016f-6eb3-85b77fcfd351;;;;;
OVO037069;31/12/2019;Team werftoezicht 8;b983e5bb-0739-dacb-d793-f78f76df8000;;;;;
OVO040144;23/12/2018;Technisch onderhoud;769c2bad-1bab-5f3a-c563-81284ceb6334;;;;;
OVO038833;19/02/2019;Tekenkamer & Kruispuntsimulaties;ed819269-0c1c-9827-9831-145086a03e7b;;;;;
OVO038276;31/08/2019;Topografie;5b41ad73-77bc-5715-d060-6c0a229952b3;;;;;
OVO039739;6/01/2021;Tunnelbeheer;33cb3909-142c-c113-ad3a-34f46b8a49c7;;;;;
OVO047771;18/01/2021;Tunnelcoördinatie;72fcd37f-7bca-8777-95b1-789eb87bc350;;;;;
OVO039740;6/01/2021;Tunnelonderhoud;fbcf90a3-c0f7-748c-19cb-ac98147fa2ca;;;;;
OVO038455;31/01/2015;Verkeer;f94a03e0-1c33-45bb-725a-2a2c66e54258;;;;;
OVO036829;31/05/2015;Verkeer 1;04eb2b1d-43d1-937e-2c51-9b4fd49ff69d;;;;;
OVO036830;31/05/2015;Verkeer 2;44cdbc3c-1b67-36c0-9340-5af165b391bf;;;;;
OVO038456;31/01/2015;Verkeer AL;d300790b-793f-ae94-6177-0836cc9cb025;;;;;
OVO036645;30/11/2019;Verkeershandhavingssystemen 1;e287d031-7552-33ca-be93-efceb8e65c26;;;;;
OVO036646;30/11/2019;Verkeershandhavingssystemen 2;289a8039-2b7b-eb8a-dc67-e6a2671cbc82;;;;;
OVO036647;30/11/2019;Verkeershandhavingssystemen 3;32129e10-3034-e270-77ab-d1657de77228;;;;;
OVO036648;30/11/2019;Verkeershandhavingssystemen 4;08c72088-872d-ad96-0d7a-12a31b33e9dd;;;;;
OVO036649;30/11/2019;Verkeershandhavingssystemen 5;09a37ad8-c504-a8d9-b90d-24cee83f9685;;;;;
OVO036650;30/11/2019;Verkeershandhavingssystemen 6;602e4297-3f26-eee0-345b-344bc0f5ee58;;;;;
OVO036651;30/11/2019;Verkeershandhavingssystemen 7;f1d57f7a-43ab-0231-c6d7-7dd9f7825b9e;;;;;
OVO036652;30/11/2019;Verkeershandhavingssystemen 8;ff0c592d-e75b-d503-0cfb-22a0424af08e;;;;;
OVO036653;30/11/2019;Verkeershandhavingssystemen 9;aa64c160-da51-b836-2be7-7b517d56981f;;;;;
OVO041460;14/09/2020;Verpleegkundigen, zorgkundigen en vroedvrouwen;63b2fd56-6512-eae5-25cc-ed8d2169b121;;;;;
OVO038297;29/02/2020;Vlaams Planbureau voor omgeving Antwerpen;0d642cb9-1c69-4f05-b1bd-e3683138fa07;;;;;
OVO038299;29/02/2020;Vlaams Planbureau voor omgeving Limburg;9f0a41be-7f15-1320-358c-5bf0cfcf79e8;;;;;
OVO038199;29/02/2020;Vlaams Planbureau voor omgeving Oost-Vlaanderen;8b496faf-681a-07e6-0246-4ac5efb0c7ca;;;;;
OVO038300;29/02/2020;Vlaams Planbureau voor omgeving Vlaams Brabant;35cb646f-3bea-901d-7b0c-2483d631153a;;;;;
OVO038298;29/02/2020;Vlaams Planbureau voor omgeving West -Vlaanderen;729aba40-58b2-5806-fef9-ab784cbe48e4;;;;;
OVO048555;30/11/2020;Vlaamse Hoge Handhavingsraad voor Ruimte en Milieu;3f1dc488-058d-eb98-b692-207a0f53e94a;;;;;
OVO038472;30/04/2017;Wegenarbeiders Aarschot;7a7b2aae-754b-7e1d-7d97-b59a9095e88d;;;;;
OVO038480;30/04/2018;Wegenarbeiders Halle;89be7d8f-68e2-7e91-ff61-171b2ad01a0c;;;;;
OVO038324;30/04/2018;Wegenarbeiders Leuven;cdfc36e5-3319-83af-e216-2d0edac06c22;;;;;
OVO038467;30/04/2018;Wegenarbeiders Vilvoorde;6ba35d64-f9e0-373f-8ac9-a813a73d6689;;;;;
OVO038044;14/04/2014;Wegeninspectie;9129450e-55b2-e265-a9c6-3a09974ad480;;;;;
OVO038464;30/04/2018;Wegentoezicht 1;aa287329-d09e-344a-cc4a-d524c4d9b671;;;;;
OVO038465;30/04/2018;Wegentoezicht 2;39b4e3a6-aba9-aef6-e4b3-12cbad1847af;;;;;
OVO038466;30/04/2018;Wegentoezicht 3;c5b0a577-1fab-27dd-eb20-96388514899a;;;;;
OVO036677;31/12/2018;Weginfrastructuur 1;c97602e4-cd2d-7cfb-8250-e1ca09013e94;;;;;
OVO037088;31/08/2019;Welzijn;ad74013a-7748-a8a8-abaf-cee84c1d59f6;;;;;
OVO037683;31/10/2019;Werfopvolging7;a0bf85f7-88c2-b7eb-37c4-99fe4cb523f6;;;;;
OVO037684;29/10/2019;Werfopvolging7a;c83e402e-1434-840f-abed-f8282cfa0334;;;;;
OVO037685;30/09/2019;Werfopvolging7b;1321d5e7-1f5c-329f-6691-8dfe365fc798;;;;;
OVO038279;30/09/2015;Werftoezicht;57185c8f-93c5-f64a-f6fc-68d0288582ee;;;;;
OVO038283;30/09/2015;Werftoezicht;912bed41-a35a-ae0c-b263-f13bdf0c41b1;;;;;
OVO040153;23/12/2018;Zaalwachter;1ac7ddc1-b822-048a-e6f7-fb81ab1fe075;;;;;
OVO040138;31/03/2019;Zwembad;1ef27efd-a9c1-8a20-14fb-010696db9030;;;;;
OVO037928;15/10/2020;helpdesk;5bc76bb3-a6df-4313-5850-eb1bfba06f68;;;;;
OVO038663;31/08/2019;team Domeinbeheer;4d282805-d568-28dd-3b94-543dabac461e;;;;;
OVO037232;31/08/2019;team Omgeving;67124ee1-fe5e-a0a3-5a7c-241f491cba94;;;;;
OVO037049;31/08/2019;team Werftoezicht;898b944c-454e-4448-1783-6491aaa0afa7;;;;;
OVO028684;31/12/2019;zetel Antwerpen vastgoedtransacties;496c4478-2cea-d01b-a9f5-ff5205ae7269;;;;;
OVO028685;31/12/2019;zetel Genk vastgoedtransacties;0893d796-9995-16b4-455a-77910d4f8af8;;;;;
